{"cameraMode":{"drawMode":0,"name":"Shaded","section":"Shading Mode"},"sceneLighting":false,"audioPlay":false,"sceneViewState":{"showFog":true,"showMaterialUpdate":false,"showSkybox":true,"showFlares":true,"showImageEffects":true,"showParticleSystems":true},"in2DMode":false,"pivot":{"x":-2.183156967163086,"y":6.385789394378662,"z":-2.918264389038086},"rotation":{"x":0.09509281069040299,"y":0.8365132212638855,"z":-0.153786301612854,"w":0.5172551274299622},"size":4.041658401489258,"orthographic":false}